{"accuracy": [0.7842333316802979, 0.8652666807174683, 0.8853999972343445, 0.894266664981842, 0.9041833281517029, 0.9095333218574524, 0.914983332157135, 0.9194499850273132, 0.9234833121299744, 0.9270666837692261, 0.9279500246047974, 0.9330166578292847, 0.9357666373252869, 0.9387999773025513, 0.9387000203132629, 0.9418833255767822, 0.9452999830245972, 0.9465166926383972, 0.9488166570663452, 0.951116681098938], "loss": [0.6612706780433655, 0.40466436743736267, 0.3426826596260071, 0.31174755096435547, 0.28636351227760315, 0.2684870660305023, 0.2499660849571228, 0.2369130551815033, 0.22543466091156006, 0.21354959905147552, 0.20692147314548492, 0.19718319177627563, 0.18612372875213623, 0.17983481287956238, 0.17611265182495117, 0.16776829957962036, 0.1598415970802307, 0.15297265350818634, 0.14926666021347046, 0.14268343150615692], "val_accuracy": [0.8702999949455261, 0.8931000232696533, 0.8661999702453613, 0.9043999910354614, 0.9196000099182129, 0.9002000093460083, 0.9157999753952026, 0.920799970626831, 0.9222999811172485, 0.9168000221252441, 0.928600013256073, 0.925000011920929, 0.9294999837875366, 0.9302999973297119, 0.9323999881744385, 0.9308000206947327, 0.9318000078201294, 0.9236000180244446, 0.9284999966621399, 0.9318000078201294], "val_loss": [0.3852611184120178, 0.30688267946243286, 0.41939595341682434, 0.27319973707199097, 0.23141394555568695, 0.29761096835136414, 0.24018549919128418, 0.23582684993743896, 0.2216404229402542, 0.24265895783901215, 0.2113969922065735, 0.21887676417827606, 0.20523320138454437, 0.21180832386016846, 0.19705969095230103, 0.20258699357509613, 0.2134029120206833, 0.24283146858215332, 0.22431249916553497, 0.20565998554229736]}