{"accuracy": [0.7736166715621948, 0.8590166568756104, 0.880649983882904, 0.8936333060264587, 0.9005333185195923, 0.9082333445549011, 0.9155333042144775, 0.9219833612442017, 0.9259666800498962, 0.9315999746322632], "loss": [0.624823808670044, 0.3949558734893799, 0.33444568514823914, 0.29755911231040955, 0.27391552925109863, 0.25198277831077576, 0.23274967074394226, 0.21258032321929932, 0.20234328508377075, 0.18699191510677338], "val_accuracy": [0.8533999919891357, 0.8741000294685364, 0.8927000164985657, 0.8919000029563904, 0.9020000100135803, 0.9077000021934509, 0.9101999998092651, 0.909600019454956, 0.909500002861023, 0.9096999764442444], "val_loss": [0.39518439769744873, 0.3456595838069916, 0.3008250594139099, 0.29344841837882996, 0.2742428481578827, 0.2538951635360718, 0.2529093623161316, 0.2568005323410034, 0.2522391378879547, 0.2624766230583191]}